{
  "WorkItem": {
    "AffectedComponent": {
      "Name": "",
      "DisplayName": ""
    },
    "ClosedComment": "",
    "ClosedDate": null,
    "CommentCount": 0,
    "Custom": null,
    "Description": "Allow any xsd as input and generate the gui for filling out an xml document.\nMay require some refactoring!\nPerhaps generate a .gui file based on the xsd?",
    "LastUpdatedDate": "2017-11-29T01:34:48.207-08:00",
    "PlannedForRelease": "",
    "ReleaseVisibleToPublic": false,
    "Priority": {
      "Name": "Medium",
      "Severity": 100,
      "Id": 2
    },
    "ProjectName": "cmdgui",
    "ReportedDate": "2017-02-16T00:11:31.957-08:00",
    "Status": {
      "Name": "Proposed",
      "Id": 1
    },
    "ReasonClosed": {
      "Name": "Unassigned"
    },
    "Summary": "Add XSD => XML form functionality",
    "Type": {
      "Name": "Feature",
      "Id": 1
    },
    "VoteCount": 1,
    "Id": 740
  },
  "FileAttachments": [],
  "Comments": []
}