[
  {
    "Id": "0",
    "Name": "Command Line Gui v0.1",
    "DevelopmentStatus": "Alpha",
    "Description": "First minimal working version.\nLet me know what you think.",
    "ReleasedDatge": "0001-01-01T00:00:00",
    "ModifiedDate": "2016-04-19T00:38:51.413-07:00",
    "Files": [
      {
        "Id": "695ab042-a6e8-4d67-afa6-729acd1a2fda",
        "FileName": "CommandLineGui 201604 v0.1.zip",
        "Url": "./0/695ab042-a6e8-4d67-afa6-729acd1a2fda",
        "Type": "Application",
        "UploadDate": "2016-04-19T00:38:51.29-07:00"
      }
    ]
  }
]