[
  {
    "Title": "Home",
    "Id": "1906587",
    "ParentWikiTitle": "Home",
    "FileExtension": "codeplexwiki",
    "UpdatedDate": "2017-04-17T07:31:27.327-07:00",
    "FileAttachments": [
      {
        "Id": "4049aaab-bc3e-4cb6-a3a0-b22569f56f80",
        "FileName": "CmdLnGui.png",
        "DownloadUri": "./1906587/4049aaab-bc3e-4cb6-a3a0-b22569f56f80"
      },
      {
        "Id": "c8797dd2-9253-4636-89f1-2f285a826327",
        "FileName": "CmdLnGui_HelpOutput.png",
        "DownloadUri": "./1906587/c8797dd2-9253-4636-89f1-2f285a826327"
      }
    ]
  },
  {
    "Title": "CommandLineGuiSchemaVersion1",
    "Id": "1862012",
    "ParentWikiTitle": "Documentation",
    "FileExtension": "codeplexwiki",
    "UpdatedDate": "2016-04-19T00:48:32.513-07:00",
    "FileAttachments": []
  },
  {
    "Title": "Documentation",
    "Id": "1862009",
    "ParentWikiTitle": "Documentation",
    "FileExtension": "codeplexwiki",
    "UpdatedDate": "2016-04-19T00:42:35.383-07:00",
    "FileAttachments": []
  }
]
